Algorithm,Default_Acc,Optimized_Acc,Delta
PSO,0.803,0.78,-0.02300000000000002
Firefly,0.739,0.819,0.07999999999999996
